first_name,last_name,email
Flory,Skurnik,Flory-Skurnik@bestcoworkers.com
Jobi,Pip,Jobi-Pip@example.com
Minda,Sammons,Minda-Sammons@example.com
Karena,Luhe,Karena-Luhe@example.com
Tressa,Elephus,Tressa-Elephus@example.com
Barbara,Belldas,Barbara-Belldas@example.com
Anestassia,Belanger,Anestassia-Belanger@example.com
Lynea,Mullane,Lynea-Mullane@example.com
Albertina,Devlen,Albertina-Devlen@example.com
Arabel,Cloris,Arabel-Cloris@example.com
