first_name,last_name,email
Mariele,Niccolo,Mariele-Niccolo@example.com
Chloris,Sisile,Chloris-Sisile@example.com
Joceline,Chapland,Joceline-Chapland@example.com
Riannon,Justinn,Riannon-Justinn@example.com
Roz,Fulmer,Roz-Fulmer@example.com
Arlena,Gavrila,Arlena-Gavrila@example.com
Laure,Herrera,Laure-Herrera@example.com
Louella,Lenny,Louella-Lenny@example.com
Tressa,Deny,Tressa-Deny@example.com
Hannis,Sholley,Hannis-Sholley@example.com
